{
	"plugin_name": "SimSimi",
	"plugin_scope": "simsimi",
	"plugin_exec": "simsimi.js",
	"command_map": {
		"sim": {
			"hargs": "<chat>",
			"hdesc": {
				"en_US": "Talk with SimSimi",
				"vi_VN": "Trò chuyện với SimSimi"
			},
			"fscope": "simfunc",
			"compatibly": 0
		},
		"steach": {
			"hargs": {
				"en_US": "[\"question\"] [\"response\"]",
				"vi_VN": "[\"câu hỏi\"] [\"trả lời\"]"
			},
			"hdesc": {
				"en_US": "Teach SimSimi how to talk",
				"vi_VN": "Dạy SimSimi cách trả lời"
			},
			"fscope": "simteachfunc",
			"compatibly": 0
		}
	},
	"author": "UIRI",
	"version": "1.7",
	"node_depends": {
		"node-fetch": "",
		"striptags": "",
		"crypto": ""
	},
	"complied_for": "0.3.0"
}